{"loss": [0.8024013638496399, 0.3917071223258972, 0.19308263063430786, 0.17086642980575562, 0.09784533083438873], "accuracy": [0.5, 0.875, 1.0, 1.0, 1.0], "val_loss": [0.28556135296821594, 0.10754567384719849, 0.2405800223350525, 0.16779878735542297, 0.03198111057281494], "val_accuracy": [1.0, 1.0, 1.0, 1.0, 1.0]}