{"loss": [0.5967965722084045, 0.3909904956817627, 0.22881607711315155, 0.15216031670570374, 0.10097610205411911], "accuracy": [0.625, 1.0, 1.0, 1.0, 1.0], "val_loss": [0.4058884382247925, 0.17634110152721405, 0.21910996735095978, 0.1417037695646286, 0.07008694857358932], "val_accuracy": [1.0, 1.0, 1.0, 1.0, 1.0]}