{"loss": [0.616955578327179, 0.38480621576309204, 0.2394326776266098, 0.15956006944179535, 0.10252238810062408], "accuracy": [0.75, 1.0, 1.0, 1.0, 1.0], "val_loss": [0.3486514389514923, 0.15500184893608093, 0.2540479898452759, 0.13865306973457336, 0.05952111631631851], "val_accuracy": [1.0, 1.0, 1.0, 1.0, 1.0]}