{"loss": [1.0740246772766113, 0.5794346928596497, 0.41399964690208435, 0.2599863111972809, 0.182273268699646], "accuracy": [0.5, 0.625, 0.875, 1.0, 1.0], "val_loss": [0.7397419214248657, 0.1880800724029541, 0.3595477342605591, 0.37092506885528564, 0.15735608339309692], "val_accuracy": [0.0, 1.0, 1.0, 1.0, 1.0]}