{"loss": [0.7699311971664429, 0.3651793599128723, 0.1835707426071167, 0.11674678325653076, 0.07509603351354599], "accuracy": [0.625, 1.0, 1.0, 1.0, 1.0], "val_loss": [0.5383090376853943, 0.12222807109355927, 0.13331842422485352, 0.0849895253777504, 0.0553155280649662], "val_accuracy": [1.0, 1.0, 1.0, 1.0, 1.0]}