{"loss": [0.5877288579940796, 0.24003534018993378, 0.18132393062114716, 0.07217566668987274, 0.06540725380182266], "accuracy": [0.75, 1.0, 1.0, 1.0, 1.0], "val_loss": [0.6128585934638977, 0.15679584443569183, 0.06446391344070435, 0.0918557345867157, 0.09532754123210907], "val_accuracy": [1.0, 1.0, 1.0, 1.0, 1.0]}