{"loss": [0.7610845565795898, 0.31217727065086365, 0.14784279465675354, 0.08698620647192001, 0.05607950687408447], "accuracy": [0.625, 1.0, 1.0, 1.0, 1.0], "val_loss": [0.2950242757797241, 0.3146084249019623, 0.09105655550956726, 0.05738406628370285, 0.04095984622836113], "val_accuracy": [1.0, 1.0, 1.0, 1.0, 1.0]}