{"loss": [0.8197108507156372], "accuracy": [0.5], "val_loss": [0.3733440041542053], "val_accuracy": [1.0]}