{"loss": [0.6104685664176941, 0.41374099254608154, 0.28878116607666016, 0.2050008624792099, 0.14368478953838348], "accuracy": [0.75, 1.0, 1.0, 1.0, 1.0], "val_loss": [0.42071089148521423, 0.18078549206256866, 0.2774477005004883, 0.20536763966083527, 0.09920065850019455], "val_accuracy": [1.0, 1.0, 1.0, 1.0, 1.0]}