{"loss": [0.6325682997703552, 0.3690648078918457, 0.2688671946525574, 0.13947780430316925, 0.1204197034239769], "accuracy": [0.625, 1.0, 1.0, 1.0, 1.0], "val_loss": [0.5736666917800903, 0.3181750476360321, 0.13656438887119293, 0.1656150072813034, 0.16542549431324005], "val_accuracy": [1.0, 1.0, 1.0, 1.0, 1.0]}