{"loss": [0.780402421951294, 0.4835266172885895, 0.3322240114212036, 0.23540565371513367, 0.17407289147377014], "accuracy": [0.375, 1.0, 1.0, 1.0, 1.0], "val_loss": [0.4380153715610504, 0.5505459308624268, 0.3081904351711273, 0.1960681676864624, 0.16523057222366333], "val_accuracy": [1.0, 1.0, 1.0, 1.0, 1.0]}