{"loss": [0.8882315158843994], "accuracy": [0.375], "val_loss": [0.39866024255752563], "val_accuracy": [1.0]}