{"loss": [0.7939679622650146, 0.5761020183563232, 0.4211949110031128, 0.3834853172302246, 0.2432277500629425], "accuracy": [0.375, 0.625, 1.0, 1.0, 1.0], "val_loss": [0.5267515778541565, 0.26519253849983215, 0.3738149404525757, 0.4346792995929718, 0.170510396361351], "val_accuracy": [1.0, 1.0, 1.0, 1.0, 1.0]}