{"loss": [0.8762252330780029, 0.5097313523292542, 0.32513463497161865, 0.20309238135814667, 0.15608452260494232], "accuracy": [0.125, 0.75, 1.0, 1.0, 1.0], "val_loss": [0.28099268674850464, 0.4541396498680115, 0.2544420063495636, 0.12907056510448456, 0.09693900495767593], "val_accuracy": [1.0, 1.0, 1.0, 1.0, 1.0]}