{"loss": [1.3332029581069946, 0.6578540205955505, 0.4589150846004486, 0.3474336862564087, 0.27153342962265015], "accuracy": [0.5, 0.5, 1.0, 1.0, 1.0], "val_loss": [0.41344153881073, 0.6506540179252625, 0.1927635669708252, 0.15089769661426544, 0.1924247294664383], "val_accuracy": [1.0, 1.0, 1.0, 1.0, 1.0]}