{"loss": [0.7901111245155334, 0.5465097427368164, 0.41370901465415955, 0.3200172483921051, 0.24806204438209534], "accuracy": [0.5, 1.0, 1.0, 1.0, 1.0], "val_loss": [0.5325632095336914, 0.5794285535812378, 0.38553470373153687, 0.2528833746910095, 0.20287984609603882], "val_accuracy": [1.0, 1.0, 1.0, 1.0, 1.0]}