{"loss": [0.5955812931060791, 0.29793187975883484, 0.15842124819755554, 0.12198275327682495, 0.07174017280340195], "accuracy": [0.75, 1.0, 1.0, 1.0, 1.0], "val_loss": [0.47705328464508057, 0.14774899184703827, 0.14462552964687347, 0.1449575424194336, 0.0562884695827961], "val_accuracy": [1.0, 1.0, 1.0, 1.0, 1.0]}