{"loss": [0.9532734155654907, 0.46924811601638794, 0.314073383808136, 0.19199228286743164, 0.16744041442871094], "accuracy": [0.375, 0.75, 1.0, 1.0, 1.0], "val_loss": [1.025990605354309, 0.22930605709552765, 0.15736229717731476, 0.22037473320960999, 0.19780941307544708], "val_accuracy": [0.0, 1.0, 1.0, 1.0, 1.0]}