{"loss": [0.7225991487503052, 0.35315263271331787, 0.20752662420272827, 0.12280400097370148, 0.0842706635594368], "accuracy": [0.625, 1.0, 1.0, 1.0, 1.0], "val_loss": [0.4276507794857025, 0.24109067022800446, 0.23737439513206482, 0.08096423000097275, 0.049841560423374176], "val_accuracy": [1.0, 1.0, 1.0, 1.0, 1.0]}