{"loss": [0.7979984283447266, 0.2712957262992859, 0.11240885406732559, 0.07699204981327057, 0.0464780330657959], "accuracy": [0.5, 1.0, 1.0, 1.0, 1.0], "val_loss": [0.1277843713760376, 0.3188619017601013, 0.08384484797716141, 0.031245840713381767, 0.03174508735537529], "val_accuracy": [1.0, 1.0, 1.0, 1.0, 1.0]}