{"loss": [0.6919525265693665, 0.4250403344631195, 0.2815410792827606, 0.21262824535369873, 0.1541679948568344], "accuracy": [0.625, 1.0, 1.0, 1.0, 1.0], "val_loss": [0.6378692984580994, 0.2957508862018585, 0.22537532448768616, 0.10645002126693726, 0.13403105735778809], "val_accuracy": [1.0, 1.0, 1.0, 1.0, 1.0]}