{"loss": [0.6732491850852966, 0.3045297861099243, 0.173426553606987, 0.09896291792392731, 0.07051603496074677], "accuracy": [0.625, 1.0, 1.0, 1.0, 1.0], "val_loss": [0.33548083901405334, 0.27051809430122375, 0.13573189079761505, 0.1097792237997055, 0.07464474439620972], "val_accuracy": [1.0, 1.0, 1.0, 1.0, 1.0]}