{"loss": [3.368968963623047], "accuracy": [0.1259765625], "val_loss": [3.3717200756073], "val_accuracy": [0.15625]}