{"loss": [1.487879753112793, 0.7650893330574036, 0.5058743953704834, 0.41055092215538025, 0.36173176765441895], "accuracy": [0.5, 0.5, 0.625, 1.0, 1.0], "val_loss": [0.1263456642627716, 1.0214431285858154, 0.44662511348724365, 0.14065445959568024, 0.1419735550880432], "val_accuracy": [1.0, 0.0, 1.0, 1.0, 1.0]}