{"loss": [1.2042824029922485, 0.4467124342918396, 0.1825985461473465, 0.11944868415594101, 0.06958278268575668], "accuracy": [0.375, 0.875, 1.0, 1.0, 1.0], "val_loss": [0.16125360131263733, 0.438577264547348, 0.13499079644680023, 0.05297796055674553, 0.05075910687446594], "val_accuracy": [1.0, 1.0, 1.0, 1.0, 1.0]}