{"loss": [1.8465322256088257, 0.911209762096405, 0.7040531039237976, 0.5529515743255615, 0.45243462920188904], "accuracy": [0.5, 0.25, 0.5, 0.75, 1.0], "val_loss": [0.055516622960567474, 1.1966689825057983, 0.8836467266082764, 0.3957652151584625, 0.2845267057418823], "val_accuracy": [1.0, 0.0, 0.0, 1.0, 1.0]}