{"loss": [1.2056831121444702], "accuracy": [0.5], "val_loss": [0.5055866837501526], "val_accuracy": [1.0]}