{"loss": [1.0716997385025024, 0.4460240602493286, 0.2337769716978073, 0.11420512944459915, 0.10522681474685669], "accuracy": [0.5, 0.75, 1.0, 1.0, 1.0], "val_loss": [1.08699369430542, 0.10023893415927887, 0.07414643466472626, 0.13254868984222412, 0.11280946433544159], "val_accuracy": [0.0, 1.0, 1.0, 1.0, 1.0]}