{"loss": [0.8290119767189026, 0.4488897919654846, 0.1643463373184204, 0.1064874678850174, 0.06281055510044098], "accuracy": [0.625, 0.625, 1.0, 1.0, 1.0], "val_loss": [1.2327866554260254, 0.2210453599691391, 0.035596344619989395, 0.08181335777044296, 0.0781065970659256], "val_accuracy": [0.0, 1.0, 1.0, 1.0, 1.0]}