{"loss": [0.778778612613678, 0.40426403284072876, 0.24707777798175812, 0.1631632298231125, 0.11596925556659698], "accuracy": [0.75, 1.0, 1.0, 1.0, 1.0], "val_loss": [0.6036010384559631, 0.3285037577152252, 0.24888139963150024, 0.12167671322822571, 0.08003745973110199], "val_accuracy": [1.0, 1.0, 1.0, 1.0, 1.0]}