{"loss": [0.7502603530883789, 0.4895787835121155, 0.36912262439727783, 0.25358179211616516, 0.1707850694656372], "accuracy": [0.5, 1.0, 1.0, 1.0, 1.0], "val_loss": [0.4264650046825409, 0.36082398891448975, 0.13489797711372375, 0.20416072010993958, 0.1130099669098854], "val_accuracy": [1.0, 1.0, 1.0, 1.0, 1.0]}