{"loss": [1.4822499752044678, 1.1429150104522705, 0.2709468603134155, 0.36893343925476074, 0.12746790051460266], "accuracy": [0.5, 0.5, 1.0, 0.625, 1.0], "val_loss": [0.368404746055603, 0.03932291641831398, 0.42799752950668335, 0.4742206335067749, 0.05899734050035477], "val_accuracy": [1.0, 1.0, 1.0, 1.0, 1.0]}