{"loss": [0.7351482510566711, 0.43636012077331543, 0.21817509829998016, 0.13534393906593323, 0.0869050994515419], "accuracy": [0.75, 0.75, 1.0, 1.0, 1.0], "val_loss": [0.2751677930355072, 0.22787316143512726, 0.2704017460346222, 0.11330516636371613, 0.06728284060955048], "val_accuracy": [1.0, 1.0, 1.0, 1.0, 1.0]}